date,meantemp,humidity,wind_speed,meanpressure
2013-01-01,10.0,84.5,0.0,1015.6666666666666
2013-01-02,,,2.98,1017.8
2013-01-03,7.166666666666667,87.0,4.633333333333334,1018.6666666666666
2013-01-04,,71.33333333333333,1.2333333333333334,1017.1666666666666
2013-01-05,,86.83333333333333,3.7,1016.5
2013-01-06,7.0,82.8,1.48,1018.0
2013-01-07,,,6.3,1020.0
2013-01-08,8.857142857142858,,7.142857142857143,1018.7142857142856
2013-01-09,14.0,51.25,12.5,1017.0
2013-01-10,,62.0,7.399999999999999,1015.6666666666666
2013-01-11,15.714285714285714,,10.571428571428571,1016.1428571428572
2013-01-12,14.0,74.0,13.228571428571428,1015.5714285714286
2013-01-13,15.833333333333334,,,1013.3333333333334
2013-01-14,12.833333333333334,,,1015.1666666666666
2013-01-15,14.714285714285714,71.85714285714286,,1015.8571428571428
2013-01-16,13.833333333333334,86.66666666666667,0.0,1016.6666666666666
2013-01-17,,,,1015.8333333333334
2013-01-18,13.833333333333334,92.16666666666669,8.950000000000001,1014.5
2013-01-19,12.5,,,1021.6666666666666
2013-01-20,11.285714285714286,75.28571428571429,,1020.2857142857144
2013-01-21,,77.0,2.22,1021.0
2013-01-22,9.5,79.66666666666667,3.083333333333333,1021.8
2013-01-23,14.0,,,1020.5
2013-01-24,,60.66666666666666,6.166666666666667,1020.5
2013-01-25,,67.0,5.55,1020.75
2013-01-26,12.666666666666666,,6.800000000000001,1019.6666666666666
2013-01-27,12.857142857142858,65.57142857142857,5.557142857142857,1018.1428571428572
2013-01-28,14.833333333333334,,,1017.8333333333334
2013-01-29,,,,1016.625
2013-01-30,14.714285714285714,70.42857142857143,1.0571428571428572,1017.8571428571428
2013-01-31,,65.6,2.96,1018.4
2013-02-01,16.0,,2.22,1016.0
2013-02-02,16.285714285714285,77.57142857142857,1.3285714285714287,1017.1428571428572
2013-02-03,,65.57142857142857,1.8571428571428568,1015.2857142857144
2013-02-04,17.428571428571427,74.28571428571429,11.114285714285714,1014.5714285714286
2013-02-05,16.625,92.375,9.725,1016.375
2013-02-06,,71.33333333333333,8.633333333333333,1018.6666666666666
2013-02-07,,59.4,10.74,1018.6
2013-02-08,14.0,70.42857142857143,9.257142857142856,1017.1428571428572
2013-02-09,15.428571428571429,61.285714285714285,9.257142857142856,1016.8571428571428
2013-02-10,,71.5,,1017.125
2013-02-11,,70.5,5.325,1016.5
2013-02-12,15.333333333333334,,7.416666666666667,1017.5
2013-02-13,16.285714285714285,,6.085714285714287,1016.0
2013-02-14,17.333333333333332,63.833333333333336,4.333333333333333,1014.1666666666666
2013-02-15,19.166666666666668,65.33333333333333,10.183333333333335,1011.6666666666666
2013-02-16,14.428571428571429,,8.485714285714286,1008.0
2013-02-17,13.666666666666666,90.0,,1012.6666666666666
2013-02-18,15.6,,12.220000000000002,1016.2
2013-02-19,15.857142857142858,,5.814285714285715,1015.7142857142856
2013-02-20,,74.71428571428571,,1017.0
2013-02-21,20.0,,,1015.4285714285714
2013-02-22,20.5,65.625,10.875000000000002,1016.0
2013-02-23,17.428571428571427,,9.257142857142856,1017.0
2013-02-24,16.857142857142858,,,1018.8571428571428
2013-02-25,16.875,72.875,,1018.25
2013-02-26,17.857142857142858,70.0,17.587500000000002,1015.1428571428572
2013-02-27,20.8,57.2,6.660000000000001,1015.2
2013-02-28,19.428571428571427,52.85714285714285,12.957142857142856,1017.4285714285714
2013-03-01,17.333333333333332,49.333333333333336,24.066666666666663,1016.3333333333334
2013-03-02,19.0,54.0,15.725,1016.25
2013-03-03,19.33333333333333,62.833333333333336,,1016.1666666666666
2013-03-04,17.6,71.0,5.5600000000000005,1015.8
2013-03-05,20.875,,4.1625000000000005,1016.375
2013-03-06,,65.28571428571429,6.871428571428573,1015.7142857142856
2013-03-07,23.428571428571427,,8.728571428571428,1015.2857142857144
2013-03-08,24.166666666666668,44.833333333333336,7.1000000000000005,1014.8333333333334
2013-03-09,25.428571428571427,,5.285714285714286,1009.2857142857144
2013-03-10,23.142857142857142,57.57142857142857,4.228571428571429,1008.0
2013-03-11,24.0,66.33333333333333,0.9333333333333332,1011.1666666666666
2013-03-12,,62.5,,1011.5
2013-03-13,,,,1009.0
2013-03-14,22.33333333333333,61.16666666666666,12.033333333333331,1013.1666666666666
2013-03-15,,45.833333333333336,,1016.1666666666666
2013-03-16,,67.66666666666667,3.7,1016.1666666666666
2013-03-17,22.666666666666668,58.66666666666666,8.95,1015.0
2013-03-18,23.428571428571427,58.142857142857146,17.457142857142856,1009.4285714285714
2013-03-19,,73.66666666666667,,1011.0
2013-03-20,29.166666666666668,36.333333333333336,,1009.5
2013-03-21,23.83333333333333,,10.5,1008.3333333333334
2013-03-22,25.25,50.25,9.7125,1006.375
2013-03-23,27.375,50.125,9.95,1007.625
2013-03-24,27.0,48.75,,1010.25
2013-03-25,23.5,45.5,15.9625,1010.625
2013-03-26,24.142857142857142,,12.957142857142856,1008.8571428571428
2013-03-27,21.0,,,1009.0
2013-03-28,22.428571428571427,62.71428571428572,7.4142857142857155,1009.5714285714286
2013-03-29,21.25,70.375,,1009.75
2013-03-30,23.5,,,1008.625
2013-03-31,23.2,58.0,,1008.6
2013-04-01,25.375,,4.4,1008.5
2013-04-02,25.166666666666668,51.0,8.65,1009.5
2013-04-03,,45.6,8.14,1009.0
2013-04-04,24.6,41.8,,1007.8
2013-04-05,25.6,,15.56,1007.0
2013-04-06,25.857142857142858,29.857142857142858,,1006.1428571428572
2013-04-07,29.142857142857142,23.285714285714285,10.314285714285717,1005.0
2013-04-08,28.714285714285715,33.857142857142854,5.3,1006.0
2013-04-09,30.166666666666668,30.5,8.65,1005.3333333333334
2013-04-10,30.0,28.0,6.1,1006.7142857142856
2013-04-11,,24.2,7.780000000000001,1006.4
2013-04-12,28.857142857142858,32.57142857142857,6.342857142857143,1007.5714285714286
2013-04-13,30.2,29.2,,1008.4
2013-04-14,28.25,39.375,6.487499999999999,1007.0
2013-04-15,28.25,41.375,,1003.875
2013-04-16,32.125,,10.425,1000.0
2013-04-17,,24.2,,1002.2
2013-04-18,,,4.757142857142858,1002.8571428571428
2013-04-19,,,3.971428571428571,1002.5714285714286
2013-04-20,30.625,29.0,7.6375,1003.375
2013-04-21,27.666666666666668,38.66666666666666,13.883333333333333,1006.8333333333334
2013-04-22,27.375,,7.650000000000001,1010.0
2013-04-23,28.625,44.125,4.625000000000001,1009.875
2013-04-24,,41.71428571428572,2.1142857142857143,1008.5714285714286
2013-04-25,,38.285714285714285,3.7,1007.7142857142856
2013-04-26,29.875,45.875,6.7125,1008.375
2013-04-27,31.142857142857142,,,1007.0
2013-04-28,30.571428571428573,28.0,12.971428571428572,1005.4285714285714
2013-04-29,32.125,26.375,,1004.875
2013-04-30,,32.0,7.928571428571429,1004.8571428571428
2013-05-01,,,,1002.8333333333334
2013-05-02,29.83333333333333,22.166666666666668,11.433333333333335,1001.2
2013-05-03,28.571428571428573,31.571428571428573,,999.4285714285714
2013-05-04,,31.428571428571427,2.914285714285714,999.0
2013-05-05,32.625,31.125,3.0125,1000.625
2013-05-06,,,3.7,1001.625
2013-05-07,32.875,33.25,7.175000000000001,1002.0
2013-05-08,34.5,23.0,9.25,1001.1666666666666
2013-05-09,,26.0,,1000.8571428571428
2013-05-10,,27.714285714285715,9.528571428571428,1000.1428571428572
2013-05-11,30.75,,,999.875
2013-05-12,,40.142857142857146,5.828571428571428,1003.7142857142856
2013-05-13,31.714285714285715,,3.971428571428572,1003.5714285714286
2013-05-14,32.285714285714285,34.285714285714285,4.771428571428571,1001.5714285714286
2013-05-15,33.0,,,999.8571428571428
2013-05-16,,34.75,,998.5
2013-05-17,,28.166666666666668,9.866666666666667,1000.3333333333334
2013-05-18,31.4,,12.966666666666669,999.0
2013-05-19,35.333333333333336,,15.749999999999998,999.6666666666666
2013-05-20,36.4,24.2,,998.4
2013-05-21,,19.0,11.371428571428572,998.6666666666666
2013-05-22,36.75,,17.5875,998.625
2013-05-23,,,13.566666666666668,997.1666666666666
2013-05-24,,,11.385714285714286,996.4285714285714
2013-05-25,38.71428571428572,,10.314285714285717,998.1428571428572
2013-05-26,,,10.74,998.2
2013-05-27,35.857142857142854,,8.72857142857143,999.1428571428572
2013-05-28,,,8.333333333333334,1000.1666666666666
2013-05-29,,,5.557142857142858,999.4285714285714
2013-05-30,32.2,28.2,5.5600000000000005,999.6
2013-05-31,33.625,40.125,10.6375,998.7142857142856
2013-06-01,32.0,54.0,,998.75
2013-06-02,32.4,,,1001.0
2013-06-03,35.6,47.0,12.239999999999998,999.6
2013-06-04,35.857142857142854,42.57142857142857,5.028571428571429,999.8571428571428
2013-06-05,37.16666666666666,,,998.0
2013-06-06,31.285714285714285,61.71428571428572,,997.2857142857144
2013-06-07,34.0,,7.412500000000001,998.0
2013-06-08,34.2,57.4,13.34,997.0
2013-06-09,36.16666666666666,,11.416666666666666,995.1666666666666
2013-06-10,36.625,42.75,8.100000000000001,995.125
2013-06-11,,,16.349999999999998,1000.0
2013-06-12,34.142857142857146,,7.4142857142857155,998.0
2013-06-13,29.83333333333333,68.66666666666667,9.866666666666664,998.6666666666666
2013-06-14,,68.14285714285714,7.942857142857142,997.4285714285714
2013-06-15,30.714285714285715,65.0,13.22857142857143,997.8571428571428
2013-06-16,27.0,88.85714285714286,,996.4285714285714
2013-06-17,26.875,87.375,8.3375,994.75
2013-06-18,,83.6,5.18,996.4
2013-06-19,,72.85714285714286,4.228571428571429,999.0
2013-06-20,33.0,52.71428571428572,,997.1666666666666
2013-06-21,34.833333333333336,47.333333333333336,5.866666666666667,995.3333333333334
2013-06-22,,39.4,,996.2
2013-06-23,35.166666666666664,53.0,8.350000000000001,995.6666666666666
2013-06-24,33.142857142857146,55.0,,996.2857142857144
2013-06-25,,70.42857142857143,11.114285714285716,999.1666666666666
2013-06-26,30.666666666666668,,6.483333333333333,999.0
2013-06-27,,61.85714285714285,7.957142857142856,996.7142857142856
2013-06-28,31.5,,8.8125,996.0
2013-06-29,33.25,,13.875,995.25
2013-06-30,,52.16666666666666,10.5,997.1666666666666
2013-07-01,33.857142857142854,54.0,8.728571428571428,996.4285714285714
2013-07-02,,58.285714285714285,9.8,996.0
2013-07-03,,70.0,6.357142857142857,997.5714285714286
2013-07-04,32.375,67.5,9.25,997.0
2013-07-05,32.8,,,997.8
2013-07-06,31.0,73.14285714285714,,1000.5714285714286
2013-07-07,,,7.1000000000000005,1000.1666666666666
2013-07-08,29.83333333333333,75.16666666666667,6.483333333333334,997.5
2013-07-09,,78.83333333333333,8.016666666666667,996.8333333333334
2013-07-10,29.75,75.375,6.4875,995.75
2013-07-11,32.5,65.5,,997.3333333333334
2013-07-12,28.875,86.625,5.562500000000001,1000.0
2013-07-13,31.75,,12.0625,998.875
2013-07-14,30.75,,4.8125,997.375
2013-07-15,31.75,73.25,13.5375,998.375
2013-07-16,29.875,83.875,9.0,999.0
2013-07-17,31.125,78.375,8.65,998.0
2013-07-18,,,5.550000000000001,995.0
2013-07-19,30.5,73.5,,995.3333333333334
2013-07-20,26.83333333333333,,4.933333333333333,999.1666666666666
2013-07-21,28.2,,2.24,996.4
2013-07-22,29.5,,4.333333333333333,996.8333333333334
2013-07-23,31.857142857142858,,,998.0
2013-07-24,29.714285714285715,84.14285714285714,3.971428571428571,997.1428571428572
2013-07-25,28.33333333333333,84.5,,995.1666666666666
2013-07-26,30.0,73.85714285714286,5.571428571428572,995.4285714285714
2013-07-27,,79.0,4.228571428571429,997.2857142857144
2013-07-28,,67.42857142857143,6.085714285714286,998.1428571428572
2013-07-29,31.0,77.42857142857143,4.771428571428571,997.1428571428572
2013-07-30,30.5,,8.016666666666667,996.5
2013-07-31,28.83333333333333,78.5,9.866666666666664,996.6666666666666
2013-08-01,,73.5,,998.0
2013-08-02,31.571428571428573,,,999.4285714285714
2013-08-03,,,,1000.8333333333334
2013-08-04,32.5,62.5,,993.25
2013-08-05,29.5,77.0,,1001.0
2013-08-06,27.166666666666668,90.66666666666669,4.016666666666667,1002.1666666666666
2013-08-07,28.375,85.25,3.25,1001.875
2013-08-08,,84.0,6.166666666666667,1000.5
2013-08-09,,87.5,3.716666666666667,1001.0
2013-08-10,,79.85714285714286,,1000.3333333333334
2013-08-11,30.0,,6.800000000000001,1001.1666666666666
2013-08-12,,81.5,8.350000000000001,1001.0
2013-08-13,30.75,72.0,11.125,999.25
2013-08-14,29.666666666666668,,9.866666666666667,999.8333333333334
2013-08-15,27.714285714285715,,,1001.7142857142856
2013-08-16,26.6,92.0,4.46,1000.8
2013-08-17,27.428571428571427,91.0,14.285714285714286,999.4285714285714
2013-08-18,,,1.2333333333333334,1000.1666666666666
2013-08-19,,84.66666666666667,,1000.5
2013-08-20,,,,999.0
2013-08-21,,,10.314285714285717,999.2857142857144
2013-08-22,,74.83333333333333,6.483333333333334,1001.1666666666666
2013-08-23,,73.14285714285714,,1001.4285714285714
2013-08-24,,,18.525,1000.3333333333334
2013-08-25,29.0,90.75,0.925,998.75
2013-08-26,32.0,69.875,6.475,997.8571428571428
2013-08-27,,57.285714285714285,17.071428571428573,999.8571428571428
2013-08-28,30.142857142857142,60.71428571428572,11.642857142857142,1003.7142857142856
2013-08-29,31.5,57.0,9.275,1003.25
2013-08-30,,73.0,3.1,1003.5
2013-08-31,29.0,71.75,,1003.25
2013-09-01,30.0,,11.48,1003.2
2013-09-02,31.857142857142858,50.85714285714285,15.342857142857142,1003.7142857142856
2013-09-03,32.75,45.5,,1001.5
2013-09-04,31.714285714285715,48.0,,1002.1666666666666
2013-09-05,31.666666666666668,,13.566666666666668,1001.5
2013-09-06,,55.71428571428572,10.042857142857144,1003.4285714285714
2013-09-07,30.83333333333333,51.833333333333336,6.783333333333334,1004.1666666666666
2013-09-08,,71.75,2.325,1007.25
2013-09-09,,57.5,42.22,1007.0
2013-09-10,,,3.7,1005.3333333333334
2013-09-11,30.857142857142858,61.142857142857146,3.971428571428571,1005.5714285714286
2013-09-12,,60.333333333333336,2.7833333333333337,1008.1666666666666
2013-09-13,31.142857142857142,67.14285714285714,,1007.1428571428572
2013-09-14,30.5,67.0,2.7833333333333337,1003.8333333333334
2013-09-15,31.625,56.375,3.9375,1001.375
2013-09-16,29.666666666666668,60.0,7.100000000000001,1002.3333333333334
2013-09-17,29.25,56.5,3.475,1002.875
2013-09-18,,,5.557142857142858,1003.1428571428572
2013-09-19,29.8,,,1001.8
2013-09-20,,70.0,9.583333333333334,1003.0
2013-09-21,,89.0,,1003.0
2013-09-22,28.33333333333333,,3.083333333333333,1001.6666666666666
2013-09-23,30.285714285714285,68.0,4.5,1001.0
2013-09-24,,,5.7875000000000005,1002.75
2013-09-25,,75.0,,1005.4285714285714
2013-09-26,28.2,78.8,,1006.6
2013-09-27,29.0,71.25,,1005.625
2013-09-28,30.0,,,1005.3333333333334
2013-09-29,,,5.557142857142858,1003.8571428571428
2013-09-30,26.857142857142858,,4.228571428571429,1004.7142857142856
2013-10-01,28.285714285714285,68.71428571428571,6.371428571428571,1007.7142857142856
2013-10-02,29.2,,7.42,1010.0
2013-10-03,28.6,59.0,,1008.6
2013-10-04,24.83333333333333,,6.783333333333334,1007.5
2013-10-05,28.5,,,1004.125
2013-10-06,,66.5,1.85,1005.25
2013-10-07,29.714285714285715,,1.585714285714286,1008.8571428571428
2013-10-08,29.2,69.4,0.0,1009.8
2013-10-09,30.83333333333333,,5.566666666666667,1010.3333333333334
2013-10-10,29.428571428571427,,,1010.8571428571428
2013-10-11,23.857142857142858,89.85714285714286,4.242857142857143,1010.5714285714286
2013-10-12,,,2.914285714285714,1008.2857142857144
2013-10-13,27.166666666666668,84.33333333333333,0.6166666666666667,1007.6666666666666
2013-10-14,,74.85714285714286,5.557142857142858,1007.0
2013-10-15,25.857142857142858,76.42857142857143,3.7,1009.1428571428572
2013-10-16,,,0.0,1009.0
2013-10-17,26.857142857142858,,,1010.4285714285714
2013-10-18,26.33333333333333,73.16666666666667,0.0,1010.5
2013-10-19,24.571428571428573,69.57142857142857,2.1142857142857143,1011.5714285714286
2013-10-20,,67.83333333333333,1.55,1010.6666666666666
2013-10-21,,63.625,,1009.875
2013-10-22,27.8,53.6,,1011.0
2013-10-23,25.0,67.5,1.1625,1013.625
2013-10-24,,73.14285714285714,,1013.2857142857144
2013-10-25,,,1.86,1011.0
2013-10-26,,78.2,0.74,1011.2
2013-10-27,,66.875,,1010.625
2013-10-28,,63.16666666666666,4.933333333333334,1010.0
2013-10-29,23.0,62.71428571428572,3.971428571428571,1011.1428571428572
2013-10-30,,67.42857142857143,2.385714285714286,1012.8571428571428
2013-10-31,,58.833333333333336,3.083333333333333,1012.8333333333334
2013-11-01,,69.14285714285714,1.0571428571428572,1013.2857142857144
2013-11-02,,,4.6375,1014.5
2013-11-03,20.625,,,1016.0
2013-11-04,21.166666666666668,,2.466666666666667,1017.5
2013-11-05,,74.33333333333333,0.0,1017.5
2013-11-06,20.571428571428573,66.71428571428571,3.185714285714285,1015.8571428571428
2013-11-07,20.142857142857142,73.14285714285714,4.500000000000001,1015.6666666666666
2013-11-08,18.0,82.2,19.9125,1015.625
2013-11-09,19.857142857142858,73.57142857142857,0.5285714285714286,1016.7142857142856
2013-11-10,16.833333333333332,,2.466666666666667,1016.0
2013-11-11,18.857142857142858,61.85714285714285,,1013.4285714285714
2013-11-12,16.571428571428573,71.71428571428571,0.7999999999999999,1013.8571428571428
2013-11-13,,65.0,3.0125,1014.25
2013-11-14,17.625,63.375,3.475,1015.25
2013-11-15,17.0,67.0,,1016.5
2013-11-16,16.625,,0.0,1018.0
2013-11-17,15.571428571428571,67.42857142857143,2.3857142857142857,1017.7142857142856
2013-11-18,18.5,55.125,7.412500000000001,1016.875
2013-11-19,,63.5,7.175,1015.5
2013-11-20,18.25,58.875,,1012.75
2013-11-21,,,2.0875,1013.125
2013-11-22,17.625,74.875,,1015.75
2013-11-23,,77.85714285714286,0.7999999999999999,1014.5714285714286
2013-11-24,19.125,58.875,5.0875,1014.5
2013-11-25,,,,1012.875
2013-11-26,21.25,51.375,9.75,1011.75
2013-11-27,19.125,68.5,2.7875,1014.75
2013-11-28,,,1.85,1017.75
2013-11-29,17.75,66.625,4.8625,1016.875
2013-11-30,17.875,69.625,11.8125,1015.875
2013-12-01,,65.0,1.585714285714286,1016.1428571428572
2013-12-02,17.25,73.25,1.85,1015.875
2013-12-03,17.5,73.5,1.3875,1016.75
2013-12-04,17.142857142857142,71.85714285714286,4.228571428571429,1017.0
2013-12-05,17.142857142857142,69.0,6.885714285714286,1015.2857142857144
2013-12-06,16.125,72.375,3.7125,1014.0
2013-12-07,16.0,80.5,1.1625,1014.25
2013-12-08,16.5,83.625,0.0,1014.0
2013-12-09,,79.25,,1013.5
2013-12-10,15.5,,2.55,1013.75
2013-12-11,16.625,71.875,6.475000000000001,1014.125
2013-12-12,17.75,,,1012.5
2013-12-13,17.142857142857142,67.71428571428571,11.62857142857143,1012.0
2013-12-14,,79.0,0.7999999999999999,1012.5714285714286
2013-12-15,15.5,86.25,,1015.125
2013-12-16,,89.5,1.1625,1015.625
2013-12-17,14.75,92.875,0.925,1014.25
2013-12-18,,93.0,,1012.625
2013-12-19,16.125,,3.25,1012.875
2013-12-20,,91.375,4.4125000000000005,1016.0
2013-12-21,,94.0,0.4625,1017.0
2013-12-22,,94.0,1.3875000000000002,1018.375
2013-12-23,14.25,,9.025,1020.5
2013-12-24,13.5,84.75,5.7875000000000005,1021.375
2013-12-25,,63.16666666666666,,1020.625
2013-12-26,,67.625,4.4,1019.25
2013-12-27,11.875,79.875,1.1625,1018.625
2013-12-28,10.875,70.0,5.325,1019.25
2013-12-29,10.571428571428571,,5.325,1018.5
2013-12-30,12.375,,6.4750000000000005,1018.125
2013-12-31,14.5,89.375,4.862500000000001,1020.5
2014-01-01,13.375,,7.65,1021.0
2014-01-02,11.0,78.375,8.1,1020.25
2014-01-03,12.5,,,1017.75
2014-01-04,,88.125,1.1625,1016.25
2014-01-05,,,0.4625,1014.5
2014-01-06,,86.28571428571429,,1017.625
2014-01-07,12.142857142857142,,20.6,1017.75
2014-01-08,11.875,76.875,1.85,1017.875
2014-01-09,,83.0,1.2333333333333334,1017.0
2014-01-10,12.375,85.375,0.0,1016.625
2014-01-11,,82.625,,1019.625
2014-01-12,12.875,80.875,3.2500000000000004,1020.75
2014-01-13,14.0,72.375,1.1625,1019.375
2014-01-14,14.875,76.75,,1017.0
2014-01-15,12.0,93.5,,1019.75
2014-01-16,,,1.585714285714286,1019.5714285714286
2014-01-17,12.0,,1.1625,1017.625
2014-01-18,,94.25,1.85,1020.25
2014-01-19,14.5,,3.475,1023.0
2014-01-20,14.625,83.5,4.4125000000000005,1021.375
2014-01-21,13.571428571428571,96.85714285714286,7.171428571428572,1020.5714285714286
2014-01-22,,96.125,6.7125,1019.875
2014-01-23,,,6.7125,1020.25
2014-01-24,13.875,88.875,8.1125,1019.25
2014-01-25,11.75,95.625,,1019.75
2014-01-26,,85.75,8.8125,1019.125
2014-01-27,16.625,72.375,9.95,1018.75
2014-01-28,16.625,69.875,,1016.75
2014-01-29,14.875,,,1018.625
2014-01-30,14.5,83.25,0.925,1019.375
2014-01-31,14.75,,3.0125,1019.25
2014-02-01,14.0,79.375,2.55,1019.75
2014-02-02,,76.125,,1016.875
2014-02-03,18.428571428571427,63.85714285714285,12.2875,1014.125
2014-02-04,18.857142857142858,,13.425,1011.0
2014-02-05,17.0,,,1011.5
2014-02-06,18.5,,,1010.875
2014-02-07,,67.25,15.05,1009.25
2014-02-08,13.625,85.375,,1011.375
2014-02-09,12.875,63.375,,1012.0
2014-02-10,12.625,,3.7,1012.5
2014-02-11,13.375,64.625,3.7,1013.5
2014-02-12,13.25,,,1013.5
2014-02-13,15.25,64.5,4.875,1013.625
2014-02-14,,,,1011.875
2014-02-15,,89.5,3.9375,1012.875
2014-02-16,13.5,79.0,8.7875,1016.0
2014-02-17,15.125,,12.725,1017.75
2014-02-18,15.25,60.125,8.799999999999999,1017.375
2014-02-19,,75.375,,1016.625
2014-02-20,16.125,78.625,1.8625,1014.75
2014-02-21,17.125,72.25,8.7875,1014.25
2014-02-22,16.625,85.625,6.250000000000001,1017.375
2014-02-23,,80.0,,1019.375
2014-02-24,16.375,69.375,5.3375,1018.625
2014-02-25,,69.0,,1017.25
2014-02-26,18.75,71.125,2.0875,1014.25
2014-02-27,,76.625,7.175000000000001,1013.125
2014-02-28,15.625,88.375,,1013.125
2014-03-01,,87.28571428571429,,1015.2857142857144
2014-03-02,16.125,79.0,5.7875000000000005,1017.125
2014-03-03,17.875,65.625,3.7,1016.25
2014-03-04,,66.375,3.7125,1016.5
2014-03-05,18.875,67.0,5.325000000000001,1016.125
2014-03-06,18.375,64.0,4.6375,1016.375
2014-03-07,18.5,62.875,,1017.125
2014-03-08,19.875,63.875,,1017.0
2014-03-09,22.0,56.625,7.65,1014.5
2014-03-10,20.0,,10.8875,1014.375
2014-03-11,,70.0,15.6,1013.7142857142856
2014-03-12,20.0,,6.4875,1016.25
2014-03-13,19.0,,,1016.25
2014-03-14,19.625,,5.800000000000001,1015.0
2014-03-15,21.625,62.625,2.7875,1016.375
2014-03-16,23.125,,6.25,1015.375
2014-03-17,26.25,,6.7125,1011.25
2014-03-18,24.857142857142858,53.42857142857143,,1012.8571428571428
2014-03-19,,57.375,10.1875,1013.25
2014-03-20,21.5,55.0,7.4,1010.75
2014-03-21,,64.75,5.3375,1007.125
2014-03-22,,59.5,,1007.0
2014-03-23,22.75,,,1010.625
2014-03-24,22.375,73.125,9.4875,1011.625
2014-03-25,24.625,,2.775,1010.5
2014-03-26,25.125,,,1010.625
2014-03-27,23.5,63.25,4.8875,1011.75
2014-03-28,24.428571428571427,67.57142857142857,4.5,1011.1428571428572
2014-03-29,25.875,55.625,,1011.25
2014-03-30,24.125,,13.9,1009.875
2014-03-31,24.125,44.125,13.2,1008.25
2014-04-01,24.875,45.75,,1006.125
2014-04-02,,43.375,,1005.75
2014-04-03,25.0,48.0,,1010.375
2014-04-04,25.857142857142858,,11.914285714285716,1009.8571428571428
2014-04-05,27.375,44.0,9.2625,1008.875
2014-04-06,30.125,45.25,6.7125,1007.5
2014-04-07,27.25,,,1009.625
2014-04-08,25.75,,12.725,1010.375
2014-04-09,,35.25,,1010.25
2014-04-10,,29.25,12.500000000000002,1010.875
2014-04-11,28.142857142857142,29.0,10.05714285714286,1008.5714285714286
2014-04-12,29.125,39.875,5.1000000000000005,1007.125
2014-04-13,,40.375,15.5125,1009.625
2014-04-14,27.625,,,1010.625
2014-04-15,,48.125,,1009.125
2014-04-16,27.125,53.625,4.4,1008.25
2014-04-17,,49.625,,1007.0
2014-04-18,24.25,,14.3375,1011.625
2014-04-19,25.625,57.875,5.1,1011.375
2014-04-20,27.0,48.0,,1010.5
2014-04-21,28.0,,8.8125,1010.0
2014-04-22,29.375,,12.5,1011.75
2014-04-23,,37.0,6.025,1009.0
2014-04-24,29.375,35.875,7.875,1005.875
2014-04-25,30.625,,,1006.125
2014-04-26,31.5,32.0,8.1125,1006.375
2014-04-27,30.625,30.0,8.350000000000001,1007.125
2014-04-28,,,10.1875,1005.625
2014-04-29,32.125,28.875,8.325,1003.875
2014-04-30,,,5.3375,1003.75
2014-05-01,34.875,22.5,,1001.5
2014-05-02,,24.75,6.4875,1001.875
2014-05-03,,33.375,6.475,1003.625
2014-05-04,31.875,34.375,5.8,1003.0
2014-05-05,29.75,53.25,9.0375,1005.75
2014-05-06,29.571428571428573,51.142857142857146,6.885714285714287,1006.8571428571428
2014-05-07,31.75,48.625,1.85,1004.25
2014-05-08,31.375,43.0,10.6625,1002.625
2014-05-09,30.5,39.625,,1000.4285714285714
2014-05-10,,37.625,7.8875,1000.75
2014-05-11,29.625,40.375,,1004.0
2014-05-12,,,10.8875,1004.875
2014-05-13,25.25,65.75,,1008.375
2014-05-14,26.875,55.25,,1006.5
2014-05-15,,,11.125,1004.25
2014-05-16,,40.25,,1003.5
2014-05-17,29.875,47.625,7.175000000000001,1007.0
2014-05-18,31.5,35.375,,1007.375
2014-05-19,32.375,29.5,,1006.625
2014-05-20,31.125,,7.6375,1006.625
2014-05-21,33.0,,,1002.125
2014-05-22,33.25,33.375,,999.5
2014-05-23,34.625,,19.450000000000003,1000.0
2014-05-24,31.5,,6.725,1004.125
2014-05-25,31.5,43.25,16.4375,1005.5
2014-05-26,30.125,54.125,4.175,1007.125
2014-05-27,31.875,49.75,,1004.75
2014-05-28,33.625,,,1001.25
2014-05-29,35.25,40.125,4.4,999.375
2014-05-30,33.125,44.5,11.5875,999.5714285714286
2014-05-31,34.625,39.0,6.4875,999.625
2014-06-01,,34.25,,1003.25
2014-06-02,32.75,41.375,,1003.25
2014-06-03,,33.625,6.487500000000001,1000.0
2014-06-04,,33.125,7.1875,998.125
2014-06-05,36.875,,8.5625,996.125
2014-06-06,37.5,,,994.875
2014-06-07,,22.75,13.1875,994.0
2014-06-08,37.625,,6.7250000000000005,993.125
2014-06-09,37.875,32.125,6.025,993.125
2014-06-10,37.25,20.875,12.0375,994.75
2014-06-11,37.625,23.125,14.8125,995.625
2014-06-12,32.875,39.25,,997.0
2014-06-13,30.25,55.125,,997.625
2014-06-14,30.5,66.875,,997.375
2014-06-15,33.875,52.0,,997.125
2014-06-16,,41.375,10.8875,995.625
2014-06-17,36.875,,15.9625,994.125
2014-06-18,,58.0,10.425,994.25
2014-06-19,35.75,,10.8875,993.25
2014-06-20,38.0,36.125,17.825,991.375
2014-06-21,,40.125,,993.875
2014-06-22,,,,996.375
2014-06-23,32.125,49.75,6.7125,996.25
2014-06-24,33.0,46.25,10.1875,995.5
2014-06-25,32.25,53.25,13.2,997.625
2014-06-26,32.5,60.375,,1001.0
2014-06-27,,,,1001.625
2014-06-28,34.875,49.0,5.7875,999.375
2014-06-29,33.0,,9.7125,997.75
2014-06-30,,,3.25,997.5
2014-07-01,31.375,65.125,6.25,1000.875
2014-07-02,29.5,71.375,5.787500000000001,1001.125
2014-07-03,28.875,75.125,5.0875,998.2857142857144
2014-07-04,31.38888888888889,,,998.7777777777778
2014-07-05,,52.05882352941177,9.202941176470588,1000.7058823529412
2014-07-06,,,3.7125,1000.5
2014-07-07,34.0,48.75,,998.25
2014-07-08,35.0,39.5,9.725,996.875
2014-07-09,36.0,,,996.5
2014-07-10,36.125,,11.3375,996.875
2014-07-11,36.625,38.625,,996.125
2014-07-12,,,5.3375,996.0
2014-07-13,31.625,69.75,,998.0
2014-07-14,,67.875,6.725,997.125
2014-07-15,33.125,62.625,8.825000000000001,996.0
2014-07-16,32.625,63.0,10.45,997.25
2014-07-17,30.75,,6.7250000000000005,996.125
2014-07-18,27.25,83.875,,994.875
2014-07-19,,71.0,6.25,995.125
2014-07-20,,68.875,6.262499999999999,996.75
2014-07-21,32.125,65.5,4.65,996.0
2014-07-22,,69.75,7.175,997.0
2014-07-23,30.625,72.875,,997.75
2014-07-24,30.5,,12.0375,998.7142857142856
2014-07-25,30.75,63.25,,1000.75
2014-07-26,,61.5,,1001.875
2014-07-27,31.714285714285715,65.42857142857143,,1001.875
2014-07-28,30.0,75.75,18.05,999.375
2014-07-29,30.25,,5.7875000000000005,999.25
2014-07-30,31.875,65.75,4.175000000000001,999.5714285714286
2014-07-31,,65.75,,999.625
2014-08-01,33.25,59.5,,998.0
2014-08-02,30.125,77.75,0.925,997.125
2014-08-03,,,,995.375
2014-08-04,30.5,69.75,5.1000000000000005,996.125
2014-08-05,29.75,77.5,1.85,997.5
2014-08-06,32.125,65.0,,996.875
2014-08-07,,65.375,,997.0
2014-08-08,31.0,67.875,6.012500000000001,998.375
2014-08-09,29.235294117647054,80.47058823529412,6.652941176470588,1001.6470588235294
2014-08-10,28.5,,,1002.15625
2014-08-11,31.125,72.125,3.0125,999.875
2014-08-12,32.125,,8.3375,998.75
2014-08-13,32.125,,20.825,998.25
2014-08-14,,57.5,18.5125,997.375
2014-08-15,31.125,54.875,14.5875,998.875
2014-08-16,30.428571428571427,,8.35,1002.5
2014-08-17,31.375,,7.1875,1003.25
2014-08-18,31.875,56.625,5.5625,1005.375
2014-08-19,33.0,,6.885714285714286,1004.8571428571428
2014-08-20,33.25,,8.7875,1002.375
2014-08-21,32.5,,,1001.25
2014-08-22,33.0,,8.5625,1002.8571428571428
2014-08-23,33.125,45.75,9.2625,1003.25
2014-08-24,33.125,46.25,11.35,1002.875
2014-08-25,33.875,46.625,7.874999999999999,1002.375
2014-08-26,34.125,40.25,9.9625,1001.375
2014-08-27,33.857142857142854,,8.112499999999999,1001.125
2014-08-28,29.625,,6.7250000000000005,1003.75
2014-08-29,,,3.7,1003.5
2014-08-30,28.625,,4.1625,1002.625
2014-08-31,,86.125,4.4125,1001.25
2014-09-01,29.428571428571427,65.85714285714286,,1001.125
2014-09-02,29.25,71.0,10.425,1001.875
2014-09-03,,,15.0375,1001.4285714285714
2014-09-04,27.875,,9.275,1000.375
2014-09-05,,85.75,8.337499999999999,1000.1428571428572
2014-09-06,28.5,76.875,2.0875,1002.375
2014-09-07,,67.625,1.4,1003.25
2014-09-08,,66.375,3.475,1003.125
2014-09-09,31.0,70.125,,1002.375
2014-09-10,28.75,77.5,4.875,1003.25
2014-09-11,,85.71428571428571,17.825,1005.5714285714286
2014-09-12,,73.0,1.625,1005.125
2014-09-13,29.375,68.25,4.1625,1004.0
2014-09-14,,65.5,6.712500000000001,1004.25
2014-09-15,29.625,63.125,6.7125,1004.25
2014-09-16,30.625,65.125,6.25,1002.25
2014-09-17,30.625,61.875,7.4,1002.125
2014-09-18,30.5,62.375,,1003.875
2014-09-19,31.0,,4.175000000000001,1003.5
2014-09-20,31.125,55.75,4.4,1002.875
2014-09-21,30.5,54.875,,1003.625
2014-09-22,30.625,50.0,13.437499999999998,1004.5
2014-09-23,31.0,,30.685714285714283,1004.2857142857144
2014-09-24,29.625,53.0,8.1,1006.25
2014-09-25,30.0,52.5,9.725,1007.75
2014-09-26,30.0,52.5,5.7875,1008.125
2014-09-27,,46.875,8.799999999999999,1009.25
2014-09-28,30.25,,7.175,1009.625
2014-09-29,30.5,48.75,,1009.125
2014-09-30,30.625,50.125,6.712500000000001,1009.625
2014-10-01,30.428571428571427,52.85714285714285,,1010.4285714285714
2014-10-02,30.375,53.375,,1009.125
2014-10-03,30.5,52.625,1.85,1008.0
2014-10-04,,53.5,,1008.5
2014-10-05,30.625,56.125,,1010.375
2014-10-06,30.625,,,1010.125
2014-10-07,31.0,59.375,1.1625,1008.375
2014-10-08,28.75,,,1009.875
2014-10-09,27.625,49.875,3.2375,1010.125
2014-10-10,,57.375,3.2375000000000003,1008.75
2014-10-11,,57.142857142857146,6.9375,1008.25
2014-10-12,26.0,58.625,0.4625,1008.375
2014-10-13,,59.75,,1009.875
2014-10-14,24.5,67.625,,1010.875
2014-10-15,,,3.2625,1013.375
2014-10-16,23.0,,4.862500000000001,1014.0
2014-10-17,25.0,,25.0125,1013.625
2014-10-18,,56.142857142857146,21.3,1012.875
2014-10-19,,57.75,4.1625,1012.625
2014-10-20,,,4.4,1013.125
2014-10-21,,56.125,2.0875,1014.625
2014-10-22,,,0.4625,1014.5
2014-10-23,25.25,66.0,0.925,1012.75
2014-10-24,,67.5,1.85,1011.75
2014-10-25,25.25,67.125,0.925,1012.375
2014-10-26,25.125,65.5,2.0875000000000004,1014.875
2014-10-27,24.875,,1.8625,1013.75
2014-10-28,,64.75,,1012.0
2014-10-29,24.75,65.75,1.625,1012.125
2014-10-30,23.875,61.375,1.85,1014.5
2014-10-31,23.375,58.25,3.7125,1013.625
2014-11-01,22.5,50.875,5.325000000000001,1014.125
2014-11-02,22.875,,7.1875,1014.5
2014-11-03,23.375,52.75,4.1625,1013.5
2014-11-04,23.625,56.625,3.9375,1012.125
2014-11-05,,,,1012.375
2014-11-06,23.0,56.25,6.25,1011.625
2014-11-07,24.0,,2.3125,1012.875
2014-11-08,23.875,66.25,1.625,1014.625
2014-11-09,24.125,56.375,4.1625,1015.125
2014-11-10,21.375,52.125,,1014.0
2014-11-11,19.25,55.125,,1014.75
2014-11-12,,,,1015.875
2014-11-13,18.5,,3.2375,1016.5
2014-11-14,,43.0,,1016.375
2014-11-15,,44.75,2.775,1014.875
2014-11-16,,,2.55,1015.375
2014-11-17,17.75,51.75,2.7750000000000004,1016.125
2014-11-18,17.625,53.0,2.0875,1017.875
2014-11-19,,58.125,1.1625,1016.5
2014-11-20,20.375,,,1013.375
2014-11-21,,62.125,3.2375,1012.75
2014-11-22,19.875,58.875,,1011.375
2014-11-23,17.125,57.375,1.3875,1014.625
2014-11-24,16.875,52.25,,1016.0
2014-11-25,,,2.55,1014.875
2014-11-26,,51.0,5.550000000000001,1009.875
2014-11-27,,63.875,0.0,1011.75
2014-11-28,19.375,67.375,0.0,1012.5
2014-11-29,20.25,67.625,,1012.375
2014-11-30,,54.75,2.55,1014.0
2014-12-01,,42.625,8.799999999999999,1013.75
2014-12-02,,47.625,7.875000000000001,1012.75
2014-12-03,25.0,66.57142857142857,,1007.0
2014-12-04,,,,1010.375
2014-12-05,,59.875,2.55,1017.125
2014-12-06,,,4.8625,1016.375
2014-12-07,,,4.862500000000001,1014.75
2014-12-08,,,2.775,1015.0
2014-12-09,,,0.0,1016.8571428571428
2014-12-10,21.5,65.5,4.8625,1010.5
2014-12-11,19.625,70.5,3.25,1011.625
2014-12-12,17.5,,0.4625,1014.375
2014-12-13,16.0,71.875,,1016.125
2014-12-14,16.875,86.625,3.95,1014.5
2014-12-15,16.625,75.75,2.325,1016.125
2014-12-16,,,7.425000000000001,1017.375
2014-12-17,12.875,72.125,6.4875,1020.25
2014-12-18,11.75,79.75,3.0125,1021.375
2014-12-19,11.75,,0.4625,1022.125
2014-12-20,11.25,77.0,5.800000000000001,1018.75
2014-12-21,9.5,,0.925,1018.0
2014-12-22,,85.0,1.3875000000000002,1017.125
2014-12-23,,78.625,1.625,1017.875
2014-12-24,,83.0,,1021.25
2014-12-25,9.25,81.125,,1020.125
2014-12-26,,77.0,7.6375,1017.75
2014-12-27,10.375,,,1018.625
2014-12-28,9.0,86.0,0.7,1019.75
2014-12-29,11.125,72.625,1.3875,1017.25
2014-12-30,11.625,70.625,2.55,1014.625
2014-12-31,12.375,67.125,,1016.875
2015-01-01,14.75,,0.925,1017.5
2015-01-02,14.875,96.625,3.0125,1017.875
2015-01-03,,92.0,0.925,1017.375
2015-01-04,14.125,78.75,9.5125,1019.625
2015-01-05,14.0,,,1016.0
2015-01-06,12.0,,4.4,1015.5
2015-01-07,9.625,86.0,3.9375,1016.625
2015-01-08,10.0,87.875,,1019.125
2015-01-09,10.625,80.625,,1020.125
2015-01-10,11.125,73.125,4.4125000000000005,1018.875
2015-01-11,,80.75,4.8625,1019.125
2015-01-12,10.625,,0.925,1019.5
2015-01-13,12.25,,,1017.125
2015-01-14,12.0,82.25,5.1000000000000005,1017.5
2015-01-15,12.375,79.125,0.925,1019.375
2015-01-16,,78.125,4.6375,1019.25
2015-01-17,,76.625,1.8625,1019.25
2015-01-18,13.0,,2.5500000000000003,1018.75
2015-01-19,,78.0,1.85,1018.875
2015-01-20,13.375,74.375,,1020.0
2015-01-21,13.25,73.375,3.7,1021.0
2015-01-22,12.625,94.125,3.2375,1020.625
2015-01-23,,,1.1625,1020.0
2015-01-24,,86.25,9.7375,1020.75
2015-01-25,,77.75,4.1625,1020.375
2015-01-26,,,0.925,1019.875
2015-01-27,13.25,74.25,,1019.3333333333334
2015-01-28,,,27.775,1018.25
2015-01-29,11.5,67.5,3.9375,1019.75
2015-01-30,,,12.0375,1020.375
2015-01-31,13.75,,9.025,1017.875
2015-02-01,,65.25,,1017.75
2015-02-02,17.375,63.875,,1017.5
2015-02-03,,71.25,,1020.5
2015-02-04,14.625,,,1022.0
2015-02-05,14.625,62.875,,1019.25
2015-02-06,,62.625,,1019.0
2015-02-07,15.875,67.625,1.85,1017.0
2015-02-08,16.625,63.875,4.4125000000000005,1017.375
2015-02-09,,,,1019.75
2015-02-10,15.75,64.0,4.625,1019.75
2015-02-11,,66.625,,1017.125
2015-02-12,15.5,69.625,6.025,1016.125
2015-02-13,17.25,59.0,,1012.625
2015-02-14,19.375,63.125,,1009.625
2015-02-15,18.875,,,1012.625
2015-02-16,20.625,71.25,10.425,1013.625
2015-02-17,,72.57142857142857,5.028571428571429,1011.8571428571428
2015-02-18,21.25,72.875,5.1000000000000005,1011.75
2015-02-19,,,7.65,1012.0
2015-02-20,,,7.187500000000001,1013.875
2015-02-21,,,11.3375,1014.125
2015-02-22,22.142857142857142,,14.812499999999998,1013.375
2015-02-23,21.5,74.375,3.0250000000000004,1014.25
2015-02-24,22.875,72.375,6.0375,1010.625
2015-02-25,23.125,58.625,6.5,1008.5
2015-02-26,20.0,34.375,6.7125,1009.875
2015-02-27,,,,1013.0
2015-02-28,21.25,45.5,6.950000000000001,1013.0
2015-03-01,17.375,92.75,,1011.125
2015-03-02,,89.875,,1012.5
2015-03-03,16.25,,5.5625,1013.75
2015-03-04,,69.25,6.7125,1014.0
2015-03-05,18.75,64.0,3.7,1015.75
2015-03-06,20.0,62.375,,1016.375
2015-03-07,18.375,80.375,4.175,1013.7142857142856
2015-03-08,19.5,,7.8875,1015.375
2015-03-09,18.125,54.25,,1021.0
2015-03-10,17.75,68.5,8.5625,1019.125
2015-03-11,18.25,69.875,,1018.125
2015-03-12,20.5,,5.325000000000001,1017.0
2015-03-13,21.375,65.25,4.175000000000001,1014.75
2015-03-14,21.5,64.625,,1015.125
2015-03-15,17.625,89.125,,1015.5
2015-03-16,,81.85714285714286,,1017.375
2015-03-17,20.875,,,1015.875
2015-03-18,20.25,69.625,12.2625,1013.5
2015-03-19,,66.0,,1014.875
2015-03-20,22.5,,9.025,1014.875
2015-03-21,24.875,60.5,,1014.875
2015-03-22,25.125,64.0,10.2,1012.0
2015-03-23,24.75,65.75,7.637499999999999,1010.0
2015-03-24,,,1.3875000000000002,1010.25
2015-03-25,26.625,,2.55,1011.8571428571428
2015-03-26,28.5,,9.2625,1013.0
2015-03-27,,51.375,7.65,1012.0
2015-03-28,,53.625,3.7125,1009.625
2015-03-29,25.0,52.75,13.1875,1008.625
2015-03-30,23.5,66.25,14.8125,1010.375
2015-03-31,,,3.7,1010.1428571428572
2015-04-01,26.428571428571427,,6.7125,1007.5
2015-04-02,28.714285714285715,45.285714285714285,10.175,1004.625
2015-04-03,24.5,71.125,,1004.75
2015-04-04,21.0,77.5,1.3875000000000002,1005.25
2015-04-05,23.571428571428573,67.71428571428571,,1007.75
2015-04-06,,60.125,2.775,1007.75
2015-04-07,23.75,62.125,9.7375,1010.25
2015-04-08,25.625,,,1012.0
2015-04-09,26.0,52.875,9.0375,1010.5
2015-04-10,,52.25,,1008.5
2015-04-11,28.25,,8.1,1008.375
2015-04-12,24.375,,5.325,1012.375
2015-04-13,24.75,70.875,6.950000000000001,1013.75
2015-04-14,,62.75,3.0125,1012.75
2015-04-15,27.625,59.25,5.7875000000000005,1012.875
2015-04-16,25.25,,,1013.875
2015-04-17,28.125,,8.3375,1007.125
2015-04-18,30.125,,5.562500000000001,1002.375
2015-04-19,32.125,,4.175,1003.875
2015-04-20,32.875,37.875,7.1875,1005.75
2015-04-21,,28.5,,1005.625
2015-04-22,,30.25,,1003.125
2015-04-23,30.75,33.0,8.1,1004.0
2015-04-24,31.125,39.5,2.5500000000000003,1004.375
2015-04-25,30.5,43.125,12.975,1005.875
2015-04-26,28.75,51.125,,1008.0
2015-04-27,,53.0,17.5875,1006.75
2015-04-28,31.0,48.25,12.5125,1004.5
2015-04-29,,47.25,9.025,1005.0
2015-04-30,32.625,44.75,15.05,1004.0
2015-05-01,31.25,,5.3375,1005.875
2015-05-02,,40.25,,1006.25
2015-05-03,31.0,39.25,3.0125,1006.625
2015-05-04,,,,1006.625
2015-05-05,,31.125,7.649999999999999,1003.875
2015-05-06,,22.0,11.3625,1001.875
2015-05-07,35.42857142857143,13.428571428571429,15.342857142857143,1003.5714285714286
2015-05-08,,22.375,12.275,1003.25
2015-05-09,35.125,27.0,,1001.625
2015-05-10,,25.0,6.9625,1001.375
2015-05-11,34.0,32.625,,1003.625
2015-05-12,,46.0,6.0375000000000005,1004.875
2015-05-13,27.75,61.0,,1006.125
2015-05-14,29.625,,4.4125,1007.25
2015-05-15,28.5,,7.175000000000001,1006.5
2015-05-16,30.0,51.625,,1003.25
2015-05-17,,40.375,8.35,1001.125
2015-05-18,,35.75,5.562500000000001,1000.0
2015-05-19,,44.0,14.812500000000002,1002.125
2015-05-20,33.125,,14.6,1002.0
2015-05-21,35.625,24.625,,1000.375
2015-05-22,36.25,,12.5125,998.125
2015-05-23,,21.75,12.725,996.125
2015-05-24,36.0,,,997.375
2015-05-25,37.75,22.25,10.875,996.875
2015-05-26,,26.625,,1001.5
2015-05-27,33.75,20.5,,1001.25
2015-05-28,34.75,29.5,8.3375,1000.625
2015-05-29,,27.25,,1001.625
2015-05-30,,38.75,,1003.875
2015-05-31,34.25,25.0,,1001.75
2015-06-01,,,12.5125,1003.25
2015-06-02,31.625,39.25,,1003.5
2015-06-03,28.625,50.5,6.7250000000000005,1004.625
2015-06-04,31.875,48.375,4.8625,1004.0
2015-06-05,,39.875,6.0125,1003.5
2015-06-06,33.375,39.75,7.862500000000001,1001.375
2015-06-07,35.0,36.25,7.175000000000001,999.25
2015-06-08,36.5,,6.25,998.875
2015-06-09,,,18.75,998.875
2015-06-10,,,,999.625
2015-06-11,35.625,,18.2875,1000.0
2015-06-12,35.875,34.625,,998.5
2015-06-13,31.125,48.125,,998.8571428571428
2015-06-14,27.0,77.625,,1000.2857142857144
2015-06-15,,,,999.5714285714286
2015-06-16,32.375,,,999.1428571428572
2015-06-17,33.875,49.75,3.25,998.0
2015-06-18,35.125,,3.0125,997.625
2015-06-19,35.875,,8.575,996.25
2015-06-20,,,12.975,997.875
2015-06-21,,,8.1125,998.125
2015-06-22,32.125,,,995.625
2015-06-23,,61.625,6.012500000000001,995.0
2015-06-24,,,6.5,995.375
2015-06-25,,,6.2625,994.75
2015-06-26,31.125,,,995.25
2015-06-27,32.625,48.25,14.1125,997.125
2015-06-28,,47.5,9.0375,1000.2857142857144
2015-06-29,31.125,56.625,11.562500000000002,1003.625
2015-06-30,30.875,58.625,9.9625,1002.625
2015-07-01,,53.25,,1001.875
2015-07-02,33.75,45.875,,1001.125
2015-07-03,33.0,49.0,14.35,999.625
2015-07-04,,,16.900000000000002,997.5
2015-07-05,35.714285714285715,47.285714285714285,14.014285714285714,995.4285714285714
2015-07-06,,83.25,9.275,997.875
2015-07-07,28.125,86.125,1.85,998.125
2015-07-08,,,2.7750000000000004,998.625
2015-07-09,,77.25,,998.625
2015-07-10,26.625,92.125,,998.75
2015-07-11,25.5,98.0,3.2375000000000003,999.3333333333334
2015-07-12,25.5,94.75,7.425000000000001,998.625
2015-07-13,,73.125,,1000.625
2015-07-14,30.875,67.875,,997.8571428571428
2015-07-15,33.375,52.875,,993.75
2015-07-16,31.75,61.375,,994.75
2015-07-17,30.75,75.625,,997.25
2015-07-18,29.5,78.875,4.175,998.0
2015-07-19,,70.0,0.7,997.625
2015-07-20,29.125,78.0,4.8625,999.125
2015-07-21,,69.25,,1000.0
2015-07-22,,64.125,7.875000000000002,1001.125
2015-07-23,32.125,64.875,8.575000000000001,1001.75
2015-07-24,32.0,64.75,6.7125,1001.0
2015-07-25,30.857142857142858,71.0,19.9125,998.5714285714286
2015-07-26,30.0,71.625,,998.875
2015-07-27,,,11.3375,1000.2857142857144
2015-07-28,29.5,61.0,,1000.125
2015-07-29,28.5,,10.875,998.0
2015-07-30,29.0,67.75,9.9625,998.875
2015-07-31,29.0,71.0,4.175000000000001,999.75
2015-08-01,28.25,71.75,,1002.75
2015-08-02,29.625,69.5,,1003.625
2015-08-03,,58.625,5.325,1001.875
2015-08-04,,77.78571428571429,4.771428571428572,1000.0714285714286
2015-08-05,29.59375,79.65625,8.221875,1000.28125
2015-08-06,29.5,79.125,3.0250000000000004,998.0
2015-08-07,29.25,,2.3125,1000.0
2015-08-08,28.875,84.875,1.625,1002.0
2015-08-09,27.375,,3.0125,1000.25
2015-08-10,30.375,,,1000.0
2015-08-11,28.375,86.625,0.4625,1003.0
2015-08-12,,74.25,0.0,1003.125
2015-08-13,32.0,69.5,0.4625,1001.875
2015-08-14,30.875,72.625,3.475,1002.0
2015-08-15,28.5,85.5,0.0,1002.75
2015-08-16,28.625,82.625,,1002.875
2015-08-17,,72.625,0.7,1001.375
2015-08-18,29.125,,,1002.5714285714286
2015-08-19,31.25,,,1002.375
2015-08-20,,58.625,,1001.375
2015-08-21,29.375,,8.575,1002.0
2015-08-22,,,5.800000000000001,1000.875
2015-08-23,29.875,69.375,,1000.8571428571428
2015-08-24,30.75,65.625,,1001.75
2015-08-25,,57.285714285714285,,1001.0
2015-08-26,32.0,61.0,4.862500000000001,1001.125
2015-08-27,32.5,,,1002.0
2015-08-28,32.0,63.5,2.3125,1002.25
2015-08-29,32.25,58.0,5.812500000000001,1001.375
2015-08-30,32.625,,,1001.375
2015-08-31,31.857142857142858,54.42857142857143,13.485714285714286,1001.8333333333334
2015-09-01,32.125,47.625,15.275,1000.8571428571428
2015-09-02,,45.625,12.7375,1001.75
2015-09-03,31.625,49.125,,1005.5
2015-09-04,32.0,42.625,11.35,1007.875
2015-09-05,30.875,47.25,,1007.125
2015-09-06,,,,1006.25
2015-09-07,31.5,,,1005.75
2015-09-08,31.625,47.0,,1005.5
2015-09-09,31.0,47.875,10.1875,1005.625
2015-09-10,31.25,,8.575000000000001,1006.75
2015-09-11,30.75,49.75,6.012499999999999,1006.25
2015-09-12,32.142857142857146,,3.171428571428572,1006.0
2015-09-13,32.125,,,1005.875
2015-09-14,31.875,54.375,2.55,1003.625
2015-09-15,33.0,55.0,,1003.25
2015-09-16,,55.0,1.4,1003.625
2015-09-17,31.375,58.375,,1004.375
2015-09-18,31.0,67.625,,1005.125
2015-09-19,30.625,,2.0875000000000004,1003.625
2015-09-20,,,5.557142857142858,1002.8571428571428
2015-09-21,30.125,,5.800000000000002,1002.5
2015-09-22,30.25,64.375,10.187499999999998,1002.5
2015-09-23,28.625,,13.675,1006.375
2015-09-24,28.25,,11.575,1004.625
2015-09-25,28.5,49.375,8.575,1003.75
2015-09-26,,,6.25,1005.25
2015-09-27,28.714285714285715,58.142857142857146,2.9142857142857146,1007.0
2015-09-28,28.25,58.5,3.9375,1009.0
2015-09-29,,54.57142857142857,9.528571428571428,1010.5714285714286
2015-09-30,29.0,46.875,8.3375,1011.375
2015-10-01,28.125,51.25,,1012.0
2015-10-02,,53.71428571428572,14.5875,1010.75
2015-10-03,30.0,52.333333333333336,,1008.7142857142856
2015-10-04,29.0,,3.0250000000000004,1008.125
2015-10-05,28.875,,1.3875000000000002,1009.25
2015-10-06,,61.125,,1009.0
2015-10-07,,,6.4750000000000005,1009.125
2015-10-08,28.375,65.125,,1007.5
2015-10-09,,,6.025,1004.25
2015-10-10,,54.625,6.7125,1005.0
2015-10-11,,51.57142857142857,6.885714285714286,1008.7142857142856
2015-10-12,29.25,54.125,3.25,1010.0
2015-10-13,29.5,62.875,,1011.0
2015-10-14,28.125,,,1013.25
2015-10-15,,,,1013.5
2015-10-16,,62.625,,1013.5
2015-10-17,28.0,,,1012.25
2015-10-18,26.857142857142858,71.71428571428571,11.1125,1013.125
2015-10-19,28.142857142857142,66.28571428571429,3.4571428571428577,1011.7142857142856
2015-10-20,27.714285714285715,64.85714285714286,,1009.8571428571428
2015-10-21,26.5,62.125,2.0875,1011.875
2015-10-22,,56.0,4.4,1012.25
2015-10-23,,,4.862500000000001,1011.875
2015-10-24,24.875,,1.4,1011.625
2015-10-25,26.375,47.125,5.575,1012.75
2015-10-26,25.625,52.125,5.574999999999999,1014.875
2015-10-27,24.75,,3.475,1013.875
2015-10-28,,57.25,7.875000000000001,1015.875
2015-10-29,,63.5,,1016.875
2015-10-30,22.375,,,1016.375
2015-10-31,22.375,69.375,,1016.125
2015-11-01,22.875,70.5,0.925,1016.25
2015-11-02,,71.375,0.4625,1015.875
2015-11-03,24.0,,0.475,1014.25
2015-11-04,23.75,69.0,,1012.25
2015-11-05,22.125,75.25,,1012.375
2015-11-06,,,2.325,1012.75
2015-11-07,21.875,74.875,1.1625,1014.625
2015-11-08,,70.25,,1015.875
2015-11-09,,,0.7,1015.0
2015-11-10,22.75,72.625,0.7,1013.5
2015-11-11,,59.5,4.6375,1014.375
2015-11-12,,,,1015.375
2015-11-13,22.375,59.375,,1014.875
2015-11-14,22.375,59.625,3.475,1012.0
2015-11-15,,62.0,,1012.0
2015-11-16,21.875,50.375,2.7875,1012.625
2015-11-17,19.875,,5.1000000000000005,1013.5
2015-11-18,,,4.4,1016.375
2015-11-19,18.5,,,1017.5
2015-11-20,18.5,66.0,0.4625,1016.125
2015-11-21,18.75,,1.3875000000000002,1015.5
2015-11-22,18.625,,,1015.125
2015-11-23,17.0,,,1015.875
2015-11-24,18.5,,,1016.0
2015-11-25,19.375,56.375,5.7875000000000005,1014.75
2015-11-26,20.0,59.5,0.925,1012.75
2015-11-27,18.5,66.25,2.55,1011.25
2015-11-28,18.75,82.125,1.1625,1015.375
2015-11-29,18.125,,1.1625,1018.0
2015-11-30,19.5,82.375,0.925,1016.75
2015-12-01,19.25,,1.625,1014.75
2015-12-02,18.125,,,1016.125
2015-12-03,17.625,70.25,7.1875,1016.0
2015-12-04,17.625,,,1015.0
2015-12-05,17.5,,0.925,1015.875
2015-12-06,17.125,75.875,1.4,1016.5
2015-12-07,17.625,,,1017.25
2015-12-08,18.428571428571427,,,1015.7142857142856
2015-12-09,18.375,78.125,,1015.25
2015-12-10,19.0,77.25,,1011.75
2015-12-11,17.25,77.875,5.1000000000000005,1011.375
2015-12-12,13.25,91.0,,1014.25
2015-12-13,,67.0,3.475,1016.5
2015-12-14,13.25,63.625,7.400000000000001,1017.0
2015-12-15,13.125,63.875,,1016.5
2015-12-16,13.0,65.5,1.1625,1016.375
2015-12-17,,73.625,0.925,1016.875
2015-12-18,12.875,71.25,,1018.625
2015-12-19,12.375,71.875,3.4875,1019.0
2015-12-20,11.75,,1.1625,1018.5
2015-12-21,,74.75,1.3875000000000002,1018.875
2015-12-22,12.0,,,1020.875
2015-12-23,,,,1020.625
2015-12-24,11.25,,6.025,1021.25
2015-12-25,11.5,,,1022.0
2015-12-26,12.75,64.5,6.4875,1021.125
2015-12-27,15.375,,,1020.625
2015-12-28,17.125,58.125,10.8875,1020.875
2015-12-29,,,7.4125,1018.125
2015-12-30,15.5,71.75,2.1,1017.5
2015-12-31,15.0,,2.0875,1020.5
2016-01-01,14.714285714285714,72.28571428571429,1.0571428571428572,1021.1428571428572
2016-01-02,,75.875,,1021.0
2016-01-03,14.375,,5.112500000000001,1018.5
2016-01-04,15.75,,0.0,1017.625
2016-01-05,15.833333333333334,88.83333333333333,0.6166666666666667,1017.0
2016-01-06,17.375,81.625,2.3125,1016.5
2016-01-07,17.125,87.0,0.0,1018.125
2016-01-08,15.5,83.25,,1017.25
2016-01-09,15.857142857142858,65.14285714285714,8.471428571428572,1015.4285714285714
2016-01-10,,,2.775,1017.5
2016-01-11,15.75,,,1017.5
2016-01-12,18.0,,,1014.9375
2016-01-13,18.266666666666666,75.8,5.08,1014.3333333333334
2016-01-14,15.5625,80.4375,4.300000000000001,1016.125
2016-01-15,,84.1875,,1017.0
2016-01-16,13.6,,11.239999999999998,1014.6
2016-01-17,14.0,77.66666666666667,2.1066666666666665,1016.2
2016-01-18,13.266666666666667,80.46666666666667,1.4800000000000002,1014.7333333333332
2016-01-19,12.357142857142858,88.57142857142857,4.65,1015.2857142857144
2016-01-20,12.066666666666666,84.2,,1018.6666666666666
2016-01-21,12.1875,73.1875,7.887499999999998,1020.1875
2016-01-22,11.733333333333333,83.4,3.586666666666667,1019.4666666666668
2016-01-23,14.4375,75.875,3.2500000000000004,1019.8125
2016-01-24,,,,1019.0625
2016-01-25,11.666666666666666,,4.58,1017.2
2016-01-26,,79.6875,2.5500000000000003,1015.375
2016-01-27,,69.16666666666667,4.025,1014.1666666666666
2016-01-28,,,5.028571428571429,1015.0714285714286
2016-01-29,19.5625,70.625,2.54375,1017.375
2016-01-30,20.142857142857142,,,1014.5
2016-01-31,17.375,78.25,,1016.0
2016-02-01,15.846153846153848,,,1017.1538461538462
2016-02-02,,55.86666666666667,8.893333333333333,1018.2
2016-02-03,13.125,66.5,7.622222222222222,1018.0
2016-02-04,16.363636363636363,,6.941666666666666,1017.3333333333334
2016-02-05,,,,1016.8333333333334
2016-02-06,15.333333333333334,69.5,3.7,1013.3333333333334
2016-02-07,,77.0,2.7875,1015.75
2016-02-08,,67.18181818181819,5.9,1017.0909090909092
2016-02-09,17.76923076923077,67.46153846153847,5.846153846153848,1014.6923076923076
2016-02-10,,,,1012.7333333333332
2016-02-11,19.6875,,,1011.25
2016-02-12,19.2,57.86666666666667,,1012.5333333333332
2016-02-13,,62.13333333333333,5.806666666666668,1014.8666666666668
2016-02-14,17.642857142857142,61.92857142857143,,1017.2142857142856
2016-02-15,,59.53333333333333,,1018.7333333333332
2016-02-16,18.214285714285715,,5.435714285714285,1020.0714285714286
2016-02-17,18.714285714285715,59.285714285714285,3.7071428571428577,1019.1428571428572
2016-02-18,,76.0,5.186666666666667,1017.4
2016-02-19,,,,1014.6153846153846
2016-02-20,23.625,,11.11875,1014.125
2016-02-21,21.0,,17.137500000000003,1014.75
2016-02-22,,51.42857142857143,,1014.4285714285714
2016-02-23,,50.642857142857146,9.785714285714286,1012.5
2016-02-24,21.6875,58.0625,,1012.9375
2016-02-25,,57.5,5.3375,1015.5
2016-02-26,22.8,55.6,2.48,1018.4
2016-02-27,,59.0,,1018.4666666666668
2016-02-28,23.0,63.0625,3.712500000000001,1018.9375
2016-02-29,,63.9375,3.712500000000001,1018.625
2016-03-01,24.916666666666668,,,1015.0
2016-03-02,,57.06666666666667,1.7333333333333334,1015.4
2016-03-03,26.0,55.61538461538461,,1014.6153846153846
2016-03-04,27.3125,,6.14375,1012.6875
2016-03-05,23.933333333333334,57.13333333333333,,1012.6666666666666
2016-03-06,,66.5625,5.21875,1013.0625
2016-03-07,23.714285714285715,64.14285714285714,,1012.3571428571428
2016-03-08,,60.21428571428572,6.742857142857142,1011.6428571428572
2016-03-09,,,9.375,1012.0625
2016-03-10,25.5625,,,1013.1875
2016-03-11,25.066666666666663,,,1012.5333333333332
2016-03-12,24.5625,66.9375,9.4875,1009.5625
2016-03-13,24.25,65.1875,6.84375,1011.1875
2016-03-14,,,6.275,1014.3125
2016-03-15,,58.93333333333333,8.646666666666667,1014.8666666666668
2016-03-16,,53.75,10.88125,1012.8125
2016-03-17,26.3125,50.3125,6.84375,1010.4375
2016-03-18,,61.25,,1009.8125
2016-03-19,26.785714285714285,61.85714285714285,,1009.2142857142856
2016-03-20,27.133333333333333,,2.8466666666666667,1010.3333333333334
2016-03-21,,,12.2625,1011.125
2016-03-22,25.0625,37.875,22.1,1009.375
2016-03-23,26.2,43.266666666666666,10.641666666666667,1010.0
2016-03-24,28.133333333333333,46.86666666666667,3.2133333333333334,1013.3333333333334
2016-03-25,29.875,50.1875,,1013.1875
2016-03-26,24.666666666666668,,9.393333333333334,1013.6
2016-03-27,,,9.156249999999996,1012.8125
2016-03-28,25.933333333333334,52.8,6.546666666666667,7679.333333333333
2016-03-29,27.125,,7.293749999999999,1011.3125
2016-03-30,29.571428571428573,,,1011.1428571428572
2016-03-31,30.0,39.73333333333333,,1009.2
2016-04-01,30.571428571428573,38.21428571428572,,1006.7142857142856
2016-04-02,32.3125,38.5625,5.4625,1008.0
2016-04-03,33.3125,44.25,,1008.375
2016-04-04,32.8125,33.125,,1006.6875
2016-04-05,32.3125,29.3125,9.26875,1007.0
2016-04-06,,33.125,3.475,1006.875
2016-04-07,29.933333333333334,37.0,10.85,1007.2666666666668
2016-04-08,29.266666666666666,36.0,4.686666666666667,1009.2
2016-04-09,30.73333333333333,,12.61875,1009.3125
2016-04-10,,29.0,5.225,1008.8125
2016-04-11,,35.0,16.04,1009.4
2016-04-12,,36.2,,1006.3333333333334
2016-04-13,,,,1003.3125
2016-04-14,33.125,23.875,10.425,1003.8125
2016-04-15,,25.375,,1004.625
2016-04-16,35.6875,23.6875,,1003.0625
2016-04-17,34.666666666666664,23.866666666666667,9.386666666666663,1002.6666666666666
2016-04-18,34.625,30.125,7.175,1004.6875
2016-04-19,34.0,33.6,,1005.8666666666668
2016-04-20,,25.9375,,1006.4375
2016-04-21,34.0,24.666666666666668,15.75,1003.4
2016-04-22,,24.25,,1001.7272727272727
2016-04-23,,21.818181818181817,19.65384615384616,1001.8461538461538
2016-04-24,,,10.1875,1003.0625
2016-04-25,31.75,,6.949999999999999,1005.5625
2016-04-26,33.4375,25.1875,3.83125,1007.1875
2016-04-27,33.125,29.0625,4.981249999999999,1005.6875
2016-04-28,,21.76923076923077,11.823076923076922,1004.6923076923076
2016-04-29,34.07142857142857,,,1005.7142857142856
2016-04-30,,25.5625,5.2125,1004.8125
2016-05-01,34.6875,23.375,8.575,1002.4375
2016-05-02,38.0,18.466666666666665,,1002.2
2016-05-03,35.5,30.375,6.49375,1004.3125
2016-05-04,33.714285714285715,31.857142857142858,10.464285714285715,1003.7857142857144
2016-05-05,30.6,42.0,11.246666666666666,1007.4666666666668
2016-05-06,31.4375,,8.225,1007.0
2016-05-07,33.3125,37.1875,4.65,1005.5625
2016-05-08,,,,1005.9333333333332
2016-05-09,,40.6,18.425,1006.0625
2016-05-10,34.0,39.75,10.55625,1006.5625
2016-05-11,,,7.774999999999999,1006.0625
2016-05-12,,40.0,,1002.25
2016-05-13,37.294117647058826,,8.07058823529412,1001.3529411764706
2016-05-14,36.5625,31.875,,1003.125
2016-05-15,,29.5,4.75,1003.5625
2016-05-16,37.21428571428572,,9.019999999999998,1000.8
2016-05-17,37.5,25.8125,9.6125,998.9375
2016-05-18,,27.625,8.45,997.8125
2016-05-19,37.375,40.5,9.3875,998.625
2016-05-20,37.4,44.2,8.413333333333334,996.9333333333332
2016-05-21,,45.4,,995.9333333333332
2016-05-22,36.8,,6.553333333333333,996.4666666666668
2016-05-23,32.214285714285715,47.92857142857143,,999.5714285714286
2016-05-24,31.526315789473685,53.526315789473685,8.494736842105263,1000.7368421052632
2016-05-25,,,10.160869565217393,997.4782608695652
2016-05-26,,,15.17692307692308,999.1538461538462
2016-05-27,38.27272727272727,26.09090909090909,15.31818181818182,999.9545454545456
2016-05-28,36.0625,,14.405555555555551,999.8333333333334
2016-05-29,31.5,57.0625,,1001.25
2016-05-30,26.8125,74.8125,9.4875,1003.8125
2016-05-31,,51.21428571428572,,1002.3076923076924
2016-06-01,36.0,42.2,9.133333333333336,1002.7333333333332
2016-06-02,,35.3125,11.93125,1002.0
2016-06-03,37.5625,,2.7812500000000004,1002.25
2016-06-04,38.2,,,1001.8666666666668
2016-06-05,,51.75,8.5,1002.8333333333334
2016-06-06,35.42857142857143,45.71428571428572,11.0,1001.5714285714286
2016-06-07,,,21.30625,1002.0625
2016-06-08,36.07142857142857,,8.485714285714284,999.2142857142856
2016-06-09,35.733333333333334,43.73333333333333,9.26,938.0666666666668
2016-06-10,36.13333333333333,,10.08125,998.25
2016-06-11,33.4375,49.9375,,999.0
2016-06-12,,37.125,9.1625,998.8125
2016-06-13,36.0,43.3125,12.85,998.1875
2016-06-14,,55.125,11.859999999999998,997.8125
2016-06-15,,48.86666666666667,,996.1333333333332
2016-06-16,33.5,,11.39285714285714,999.0
2016-06-17,34.1875,52.25,7.425,999.4285714285714
2016-06-18,35.857142857142854,50.57142857142857,10.857142857142858,1000.8571428571428
2016-06-19,35.625,,9.387499999999998,1001.375
2016-06-20,30.9375,73.9375,7.643750000000001,1000.6875
2016-06-21,32.875,62.1875,8.91875,999.9375
2016-06-22,33.125,60.8125,7.418750000000001,1001.5625
2016-06-23,,,5.875000000000001,999.6923076923076
2016-06-24,,46.5625,,998.3125
2016-06-25,35.42857142857143,55.92857142857143,,1000.0714285714286
2016-06-26,34.86666666666667,57.46666666666667,7.660000000000001,1000.375
2016-06-27,,,,998.8666666666668
2016-06-28,,75.07142857142857,,1001.5
2016-06-29,35.375,58.875,8.449999999999998,1001.1875
2016-06-30,35.46666666666667,60.2,6.793333333333333,997.8666666666668
2016-07-01,32.125,73.4,,1002.5625
2016-07-02,28.4,80.0,5.231250000000001,998.375
2016-07-03,,78.125,1.96875,998.25
2016-07-04,30.6875,76.3125,3.481250000000001,997.125
2016-07-05,,68.6875,,995.5625
2016-07-06,,64.06666666666666,,996.8666666666668
2016-07-07,33.5,63.0,5.91875,997.6875
2016-07-08,30.8,75.86666666666666,,997.4
2016-07-09,33.25,,6.73125,996.75
2016-07-10,32.5625,65.6875,,996.0625
2016-07-11,,71.9375,8.046666666666665,997.75
2016-07-12,,80.1875,5.5625,999.0625
2016-07-13,31.25,,6.806666666666667,998.4375
2016-07-14,,80.4375,5.21875,998.375
2016-07-15,31.0,,,998.625
2016-07-16,27.125,93.875,4.371428571428571,999.875
2016-07-17,28.125,86.5625,6.6000000000000005,1001.3333333333334
2016-07-18,27.666666666666668,91.26666666666668,,1000.8
2016-07-19,,69.125,,999.875
2016-07-20,34.1875,59.5625,12.9625,999.625
2016-07-21,34.13333333333333,56.86666666666667,11.48,999.2666666666668
2016-07-22,,56.125,8.687500000000002,999.3333333333334
2016-07-23,31.875,66.0,7.768750000000001,1001.625
2016-07-24,31.4375,72.25,2.43125,946.3125
2016-07-25,31.9375,69.125,,1001.875
2016-07-26,30.3125,82.0,6.485714285714287,1003.125
2016-07-27,28.3125,88.25,,1004.625
2016-07-28,29.53333333333333,81.33333333333333,5.186666666666667,1002.0666666666668
2016-07-29,,92.4375,2.43125,1000.9375
2016-07-30,27.33333333333333,92.26666666666668,,1001.2
2016-07-31,29.266666666666666,83.13333333333334,,1000.6666666666666
2016-08-01,29.125,,,999.125
2016-08-02,30.6875,,,310.4375
2016-08-03,32.5625,63.5625,5.45,998.5
2016-08-04,33.111111111111114,,7.927777777777779,998.7777777777778
2016-08-05,,61.66666666666666,4.319999999999999,999.3333333333334
2016-08-06,,76.0,6.926666666666667,1000.8
2016-08-07,33.11764705882353,65.17647058823529,,1000.529411764706
2016-08-08,33.80952380952381,62.38095238095238,9.440909090909091,999.6363636363636
2016-08-09,31.615384615384617,71.65384615384616,,998.5
2016-08-10,32.0,71.25925925925925,10.159259259259262,999.3703703703704
2016-08-11,28.107142857142858,89.46428571428571,7.82142857142857,1001.6071428571428
2016-08-12,29.035714285714285,85.0,3.848148148148149,1002.2857142857144
2016-08-13,30.321428571428573,77.07142857142857,3.2296296296296303,1001.0714285714286
2016-08-14,28.933333333333334,83.7,6.369999999999998,633.9
2016-08-15,31.678571428571427,,12.725,999.2857142857144
2016-08-16,31.33333333333333,66.41666666666667,14.66666666666667,-3.0416666666666665
2016-08-17,29.928571428571427,,,999.5185185185184
2016-08-18,,79.81481481481481,1.7222222222222223,999.9230769230768
2016-08-19,,,1.917857142857143,999.8928571428572
2016-08-20,33.18518518518518,66.48148148148148,10.366666666666667,1000.16
2016-08-21,31.59259259259259,,10.022222222222224,1001.1923076923076
2016-08-22,32.18518518518518,65.55555555555556,8.237037037037037,1002.8888888888888
2016-08-23,31.48,,6.084,1003.24
2016-08-24,,79.28571428571429,8.419230769230769,1002.5
2016-08-25,31.52,72.44,6.276923076923075,1004.4230769230768
2016-08-26,31.22222222222222,,4.392592592592593,1005.2222222222222
2016-08-27,,,7.15,1006.1428571428572
2016-08-28,33.4,66.24,7.2719999999999985,1006.2
2016-08-29,29.571428571428573,82.32142857142857,5.825,1003.6071428571428
2016-08-30,30.04,,8.903846153846153,1002.1923076923076
2016-08-31,27.25925925925926,,6.729629629629631,1003.0370370370372
2016-09-01,27.96,87.24,4.148,1002.44
2016-09-02,,71.73913043478261,13.204347826086956,1001.2727272727273
2016-09-03,30.894736842105264,,13.263157894736842,1001.157894736842
2016-09-04,31.692307692307693,59.30769230769231,,1002.9230769230768
2016-09-05,31.07692307692308,,13.961538461538463,1003.2307692307692
2016-09-06,30.375,55.0,13.437499999999998,1003.75
2016-09-07,,57.7,9.1,1003.4545454545456
2016-09-08,31.916666666666668,58.0,10.808333333333332,1005.1666666666666
2016-09-09,30.55555555555556,,11.52222222222222,1004.3333333333334
2016-09-10,31.23076923076923,58.23076923076923,,1005.2307692307692
2016-09-11,31.0,56.4,8.15,1003.8
2016-09-12,31.642857142857142,55.5,10.85,1005.0714285714286
2016-09-13,32.53333333333333,57.06666666666667,8.526666666666666,1006.4
2016-09-14,30.857142857142858,,,1006.9285714285714
2016-09-15,31.727272727272727,,11.9,1004.75
2016-09-16,,58.0,,1004.4
2016-09-17,32.30769230769231,58.0,2.707692307692308,1003.1538461538462
2016-09-18,,58.833333333333336,,1005.0
2016-09-19,32.375,59.458333333333336,,1004.7083333333334
2016-09-20,33.44444444444444,54.07407407407408,2.56923076923077,1003.5185185185184
2016-09-21,33.36,58.96,6.0920000000000005,1005.4
2016-09-22,30.03703703703704,67.62962962962963,8.107407407407404,1008.7777777777778
2016-09-23,31.0,66.10714285714286,3.571428571428573,1005.3214285714286
2016-09-24,31.24,66.48,5.496153846153845,1352.6153846153843
2016-09-25,31.130434782608692,62.30434782608695,3.1478260869565218,1004.782608695652
2016-09-26,,,2.986956521739131,1006.76
2016-09-27,32.18518518518518,57.81481481481482,,1006.7037037037036
2016-09-28,32.44,55.28,2.5200000000000005,1005.28
2016-09-29,,,,1005.5909090909092
2016-09-30,32.214285714285715,59.35714285714285,2.582142857142858,1005.5714285714286
2016-10-01,32.541666666666664,61.91666666666666,3.170833333333334,1007.5
2016-10-02,32.81481481481482,61.81481481481482,,1009.1111111111112
2016-10-03,33.26923076923077,,3.992592592592593,1007.1851851851852
2016-10-04,30.55555555555556,,5.770370370370371,1005.3703703703704
2016-10-05,28.83333333333333,71.875,3.325,1005.25
2016-10-06,30.703703703703702,64.81481481481481,3.2333333333333325,1007.1481481481482
2016-10-07,30.96,,15.825,1007.2
2016-10-08,,57.96,8.76153846153846,1006.8461538461538
2016-10-09,,59.2,,1005.96
2016-10-10,29.77777777777778,,,1006.1481481481482
2016-10-11,29.666666666666668,51.14814814814815,,1006.5925925925926
2016-10-12,29.571428571428573,47.285714285714285,11.371428571428568,1006.25
2016-10-13,29.96296296296296,44.0,13.022222222222224,1008.3333333333334
2016-10-14,29.75,,8.934782608695652,1009.125
2016-10-15,27.74074074074074,,,1010.5185185185184
2016-10-16,28.428571428571427,,,1011.8571428571428
2016-10-17,28.6,49.24,7.1160000000000005,1010.56
2016-10-18,28.5,48.458333333333336,,1009.4583333333334
2016-10-19,28.925925925925927,49.18518518518518,6.459259259259259,1008.5555555555557
2016-10-20,,,9.124,1007.5384615384615
2016-10-21,28.40909090909091,50.40909090909091,10.695454545454549,1008.7272727272727
2016-10-22,29.33333333333333,49.48148148148148,13.323076923076924,1009.3703703703704
2016-10-23,27.5,54.96153846153846,11.546153846153846,1009.3076923076924
2016-10-24,,51.42307692307692,11.188461538461535,1008.2692307692308
2016-10-25,28.04,54.56,12.388461538461542,1008.9230769230768
2016-10-26,,56.19230769230769,5.699999999999998,1011.7307692307692
2016-10-27,26.55555555555556,,,1014.6296296296296
2016-10-28,25.51851851851852,58.77777777777778,7.277777777777777,1012.4074074074074
2016-10-29,25.814814814814813,62.77777777777778,1.7148148148148148,1013.0
2016-10-30,,71.04347826086956,2.0130434782608697,1014.608695652174
2016-10-31,,66.8076923076923,1.6423076923076925,1017.8076923076924
2016-11-01,24.384615384615383,58.73076923076923,,1016.3846153846154
2016-11-02,,65.9090909090909,1.4318181818181817,1016.5909090909092
2016-11-03,25.64,59.76,2.2320000000000007,1016.24
2016-11-04,24.814814814814813,,,1012.6296296296296
2016-11-05,23.115384615384617,66.57692307692308,,1010.3461538461538
2016-11-06,22.925925925925927,63.851851851851855,2.411111111111111,1011.5185185185184
2016-11-07,24.545454545454547,,8.172727272727274,1012.7727272727273
2016-11-08,23.73076923076923,52.26923076923077,,1013.64
2016-11-09,,49.7037037037037,7.074074074074074,1014.6666666666666
2016-11-10,,50.14814814814815,,1013.8148148148148
2016-11-11,23.92,54.04,2.968,1014.08
2016-11-12,,,2.7846153846153854,1015.1538461538462
2016-11-13,,55.81481481481482,,1016.5185185185184
2016-11-14,23.346153846153847,60.73076923076923,1.4961538461538462,1015.7307692307692
2016-11-15,22.24,55.72,4.087999999999999,1016.24
2016-11-16,21.76923076923077,53.23076923076923,7.138461538461537,1017.5384615384615
2016-11-17,21.73076923076923,,11.55,1350.2962962962963
2016-11-18,,53.61538461538461,7.7799999999999985,1014.6923076923076
2016-11-19,20.666666666666668,60.66666666666666,,1012.4666666666668
2016-11-20,,,2.5050000000000003,1013.35
2016-11-21,21.53846153846154,,2.7153846153846155,1013.0
2016-11-22,22.57894736842105,,,1012.8947368421052
2016-11-23,22.82608695652174,51.43478260869565,,1013.1739130434784
2016-11-24,21.42105263157895,51.47368421052632,8.289473684210526,1014.9473684210526
2016-11-25,23.6,,,1012.95
2016-11-26,24.294117647058822,32.64705882352941,,1013.25
2016-11-27,23.63636363636364,33.63636363636363,,1013.5909090909092
2016-11-28,22.454545454545453,,,12.045454545454543
2016-11-29,,53.72222222222222,1.238888888888889,1015.0
2016-11-30,,,4.269565217391306,1016.608695652174
2016-12-01,,84.0,2.704166666666667,1016.875
2016-12-02,19.20833333333333,75.875,4.945833333333334,1017.75
2016-12-03,21.20833333333333,,5.866666666666666,1019.3333333333334
2016-12-04,18.9,55.25,5.666666666666666,1019.7
2016-12-05,18.63636363636364,56.59090909090909,4.9523809523809526,1017.0454545454544
2016-12-06,18.53846153846154,,,1017.9615384615385
2016-12-07,18.25,,0.925,1017.421052631579
2016-12-08,16.9,73.3,1.765,1016.2
2016-12-09,19.416666666666668,68.125,,1013.4166666666666
2016-12-10,16.444444444444443,82.83333333333333,,1014.0
2016-12-11,,69.58333333333333,4.716666666666667,1013.2916666666666
2016-12-12,19.90909090909091,63.86363636363637,3.2818181818181817,1014.181818181818
2016-12-13,19.05,62.35,3.4300000000000006,1015.1
2016-12-14,18.55555555555556,58.61111111111112,,1017.3333333333334
2016-12-15,18.166666666666668,56.625,9.879166666666666,1016.6666666666666
2016-12-16,15.833333333333334,63.27777777777778,,1018.7777777777778
2016-12-17,17.5,63.388888888888886,6.731578947368422,1016.9473684210526
2016-12-18,16.083333333333332,64.54166666666667,,1018.0833333333334
2016-12-19,,,10.414285714285716,1017.4285714285714
2016-12-20,19.8,48.53333333333333,15.926666666666671,1015.2
2016-12-21,18.05,54.3,,1015.6190476190476
2016-12-22,17.285714285714285,57.85714285714285,6.1809523809523785,1016.1428571428572
2016-12-23,15.55,74.7,1.205,1014.25
2016-12-24,17.318181818181817,,5.236363636363636,1011.318181818182
2016-12-25,14.0,,9.085,1014.35
2016-12-26,,74.85714285714286,8.784210526315787,1016.952380952381
2016-12-27,16.85,67.55,8.335,1017.2
2016-12-28,17.217391304347824,68.04347826086956,3.547826086956522,1015.5652173913044
2016-12-29,,87.85714285714286,6.0,1016.904761904762
2016-12-30,14.095238095238097,89.66666666666667,6.266666666666667,1017.904761904762
2016-12-31,15.052631578947368,87.0,7.325,1016.1
2017-01-01,10.0,100.0,0.0,1016.0
